,id,importance_score,gene,chrom,chromStart,chromEnd,strand
0,ENSG00000204305.12,0.9482439926062882,AGER,chr6,32180968,32184324,-
1,ENSG00000137700.15,0.04796812860583245,SLC37A4,chr11,119024114,119030906,-
2,ENSG00000260742.1,0.00378787878787849,RP11-366L5.1,chr2,181887851,181891663,-
3,ENSG00000173171.13,6.162053789428008e-16,MTX1,chr1,155208699,155213824,+
