model - feature selection,accuracy,roc_auc_score,log_loss,recall,precision,f1_score,matthews_corrcoef
logistic regression - k best,0.9931623931623932,0.9982333311522607,0.03336588174179088,0.9655172413793104,0.9655172413793104,0.9655172413793104,0.9617221749656482
logistic regression - deg,0.9982456140350877,0.999932650862069,0.006940183880307617,1.0,0.9830508474576272,0.9914529914529915,0.9905204825096685
decision tree - k best,0.976068376068376,0.9099980370346136,0.8265744750743091,0.8275862068965517,0.9230769230769231,0.8727272727272727,0.8611242136066094
decision tree - deg,0.9649122807017544,0.8734509698275862,1.2118953078645531,0.7586206896551724,0.88,0.8148148148148148,0.7982260384886102
adaboost - k best,0.9914529914529915,0.9968919714715697,0.049809848982124934,0.9655172413793104,0.9491525423728814,0.9572649572649573,0.9525599590602294
adaboost - deg,0.9947368421052631,0.9991244612068966,0.03981509146028351,0.9827586206896551,0.9661016949152542,0.9743589743589743,0.9714707262835226
